outlet,guid,title,link,first_seen,cluster_id
NHK,https://news.web.nhk/newsweb/na/nd-20261004de54142,ブラジル大統領選挙 投票へ 現職と前大統領の息子が接戦,https://news.web.nhk/newsweb/na/nd-20261004de54142,2026-10-03T21:27:00Z,1
NHK,https://news.web.nhk/newsweb/na/nd-20261005de54416,ブラジル大統領選挙 10月25日に決選投票へ,https://news.web.nhk/newsweb/na/nd-20261005de54416,2026-10-05T01:02:00Z,1
朝日新聞,http://www.asahi.com/articles/ASVB50HM7VB5BQBQ2NQM.html?ref=rss,ブラジル大統領選、ボルソナーロ氏長男が首位　25日に決選投票へ,http://www.asahi.com/articles/ASVB50HM7VB5BQBQ2NQM.html?ref=rss,2026-10-05T07:11:00Z,1
朝日新聞,http://www.asahi.com/articles/ASVB53F5XVB5UHBI00RM.html?ref=rss,ブラジル大統領選、ボルソナーロ氏が首位通過　25日の決選も優勢？,http://www.asahi.com/articles/ASVB53F5XVB5UHBI00RM.html?ref=rss,2026-10-05T16:10:00Z,1
NHK,https://news.web.nhk/newsweb/na/nd-20261005de54622,交際相手25歳女性の遺体を宮城の山中に遺棄か 36歳容疑者逮捕,https://news.web.nhk/newsweb/na/nd-20261005de54622,2026-10-05T07:11:00Z,2
毎日新聞,https://mainichi.jp/articles/20261005/k00/00m/040/124000c,交際相手の遺体を宮城の山中に遺棄か　警視庁、バー経営者を逮捕,https://mainichi.jp/articles/20261005/k00/00m/040/124000c,2026-10-05T07:11:00Z,2
朝日新聞,http://www.asahi.com/articles/ASVB535K3VB5UTIL01VM.html?ref=rss,交際相手の遺体を山中に遺棄か、バー経営者逮捕　警視庁で指導も,http://www.asahi.com/articles/ASVB535K3VB5UTIL01VM.html?ref=rss,2026-10-05T16:10:00Z,2
毎日新聞,https://mainichi.jp/articles/20261005/k00/00m/040/316000c,逮捕のバー経営者、死亡女性と度々交際トラブル　宮城の遺体遺棄,https://mainichi.jp/articles/20261005/k00/00m/040/316000c,2026-10-05T16:10:00Z,2
朝日新聞,http://www.asahi.com/articles/ASVB51TF7VB5DIFI01HM.html?ref=rss,ノーベル生理学・医学賞に米独3氏　光で神経を操る「光遺伝学」研究,http://www.asahi.com/articles/ASVB51TF7VB5DIFI01HM.html?ref=rss,2026-10-05T16:10:00Z,3
毎日新聞,https://mainichi.jp/articles/20261005/k00/00m/040/334000c,光遺伝学は「脳の地図描くこと可能に」　ノーベル生理学・医学賞,https://mainichi.jp/articles/20261005/k00/00m/040/334000c,2026-10-05T16:10:00Z,3
NHK,https://news.web.nhk/newsweb/na/nd-20261004de54164,那覇ホテル強盗殺人 アメリカ海兵隊普天間基地の上等兵を逮捕,https://news.web.nhk/newsweb/na/nd-20261004de54164,2026-10-04T00:45:00Z,4
朝日新聞,http://www.asahi.com/articles/ASVB37QNYVB3TPOB001M.html?ref=rss,強盗殺人容疑で普天間基地の米兵を緊急逮捕　ホテルで女性殺害疑い,http://www.asahi.com/articles/ASVB37QNYVB3TPOB001M.html?ref=rss,2026-10-04T00:45:00Z,4
毎日新聞,https://mainichi.jp/articles/20261004/k00/00m/040/036000c,那覇のホテルで女性遺体　強盗殺人容疑で米兵を緊急逮捕,https://mainichi.jp/articles/20261004/k00/00m/040/036000c,2026-10-04T00:45:00Z,4
毎日新聞,https://mainichi.jp/articles/20261005/k00/00m/040/114000c,強盗殺人容疑で逮捕の米兵を送検　那覇のホテルに女性遺体,https://mainichi.jp/articles/20261005/k00/00m/040/114000c,2026-10-05T07:11:00Z,4
毎日新聞,https://mainichi.jp/articles/20261004/k00/00m/310/131000c,前福岡県議長の辞職に伴う県議補選　新人の牛島慶二郎氏が初当選,https://mainichi.jp/articles/20261004/k00/00m/310/131000c,2026-10-04T13:18:00Z,5
朝日新聞,http://www.asahi.com/articles/ASV9Z15NJV9ZTIPE011M.html?ref=rss,福岡県議会の「ドン」辞職に伴う補選、牛島慶二郎氏初当選　筑後市区,http://www.asahi.com/articles/ASV9Z15NJV9ZTIPE011M.html?ref=rss,2026-10-04T17:40:00Z,5
朝日新聞,http://www.asahi.com/articles/ASVB43H5CVB4TZNB00KM.html?ref=rss,使用済み核燃料の中間貯蔵施設　誘致訴えた山口・上関町長が再選,http://www.asahi.com/articles/ASVB43H5CVB4TZNB00KM.html?ref=rss,2026-10-04T13:18:00Z,6
毎日新聞,https://mainichi.jp/articles/20261004/k00/00m/010/167000c,現職の西哲夫氏が再選　中間貯蔵施設建設推進　山口・上関町長選,https://mainichi.jp/articles/20261004/k00/00m/010/167000c,2026-10-04T13:18:00Z,6
毎日新聞,https://mainichi.jp/articles/20261004/k00/00m/310/175000c,再選の西氏「中間貯蔵施設が必要という民意」　山口・上関町長選,https://mainichi.jp/articles/20261004/k00/00m/310/175000c,2026-10-04T17:40:00Z,6
NHK,https://news.web.nhk/newsweb/na/nd-20261004de54358,日経新聞サイバー攻撃で情報漏えいか なりすましメールが送信,https://news.web.nhk/newsweb/na/nd-20261004de54358,2026-10-04T13:18:00Z,7
朝日新聞,http://www.asahi.com/articles/ASVB42PT2VB4ULLI001M.html?ref=rss,日経にサイバー攻撃　なりすましメールを取材先などに9千件不正送信,http://www.asahi.com/articles/ASVB42PT2VB4ULLI001M.html?ref=rss,2026-10-04T13:18:00Z,7
朝日新聞,http://www.asahi.com/articles/ASVB41JH7VB4OIPE001M.html?ref=rss,日本のメダル過去最多、10代も活躍　愛知・名古屋アジア大会が閉幕,http://www.asahi.com/articles/ASVB41JH7VB4OIPE001M.html?ref=rss,2026-10-04T13:18:00Z,8
毎日新聞,https://mainichi.jp/articles/20261004/k00/00m/050/135000c,アジア大会が閉幕　日本選手団は金、総メダル数共に過去最多更新,https://mainichi.jp/articles/20261004/k00/00m/050/135000c,2026-10-04T13:18:00Z,8
NHK,https://news.web.nhk/newsweb/na/nd-20261004de54174,淡路島で釣りの9歳男児 海に転落し重体 救助向かった知人不明,https://news.web.nhk/newsweb/na/nd-20261004de54174,2026-10-04T00:45:00Z,9
毎日新聞,https://mainichi.jp/articles/20261004/k00/00m/310/059000c,淡路島で釣りの小3が海に転落、意識不明　男性が救助に飛び込む,https://mainichi.jp/articles/20261004/k00/00m/310/059000c,2026-10-04T07:01:00Z,9
NHK,https://news.web.nhk/newsweb/na/nd-20261003de54104,サザン関口和之氏の著作権管理会社 5億8000万円余の申告漏れ,https://news.web.nhk/newsweb/na/nd-20261003de54104,2026-10-03T21:27:00Z,10
朝日新聞,http://www.asahi.com/articles/ASVB33SLCVB3UTIL01NM.html?ref=rss,サザン関口氏の会社、5億円超の申告漏れ　損金計上めぐり国税局指摘,http://www.asahi.com/articles/ASVB33SLCVB3UTIL01NM.html?ref=rss,2026-10-03T21:27:00Z,10
