outlet,guid,link,title,collected_at_utc
NHK,https://news.web.nhk/newsweb/na/nd-20260822de45682,https://news.web.nhk/newsweb/na/nd-20260822de45682,関東南部で猛烈な雨 浸水や川の氾濫に厳重警戒を,2026-08-22T10:45:00Z
NHK,https://news.web.nhk/newsweb/na/nd-20260822de45700,https://news.web.nhk/newsweb/na/nd-20260822de45700,東京 白子川 一時「氾濫発生水位」上回る,2026-08-22T10:45:00Z
NHK,https://news.web.nhk/newsweb/na/nd-20260822de45693,https://news.web.nhk/newsweb/na/nd-20260822de45693,【台風】18号 来週南西諸島に接近か 19号と20号も相次いで発生,2026-08-22T10:45:00Z
NHK,https://news.web.nhk/newsweb/na/nd-20260822de45675,https://news.web.nhk/newsweb/na/nd-20260822de45675,栃木4人死亡列車事故 運転士200メートル手前で進入許可認識か,2026-08-22T10:45:00Z
NHK,https://news.web.nhk/newsweb/na/nd-20260822de45677,https://news.web.nhk/newsweb/na/nd-20260822de45677,千葉豪雨 死者13人 浸水被害約3900棟 外房線あす全線運転再開,2026-08-22T10:45:00Z
NHK,https://news.web.nhk/newsweb/na/nd-20260820de45392,https://news.web.nhk/newsweb/na/nd-20260820de45392,高校野球 智弁和歌山が優勝 5年ぶり4回目 健大高崎に逆転勝ち,2026-08-22T10:45:00Z
NHK,https://news.web.nhk/newsweb/na/nd-20260822de45640,https://news.web.nhk/newsweb/na/nd-20260822de45640,国民民主党 代表選挙が告示 玉木氏と橋本氏が立候補,2026-08-22T10:45:00Z
朝日新聞,http://www.asahi.com/articles/ASV8Q0SZXV8QTIPE001M.html?ref=rss,http://www.asahi.com/articles/ASV8Q0SZXV8QTIPE001M.html?ref=rss,殺害された留学生のスマホ見つからず　福岡・天神、打撲痕や切り傷も,2026-08-22T10:45:00Z
朝日新聞,http://www.asahi.com/articles/ASV8P2JMCV8PTIPE00PM.html?ref=rss,http://www.asahi.com/articles/ASV8P2JMCV8PTIPE00PM.html?ref=rss,部下と上司からパワハラ　市役所職員の自死、高裁も「公務災害」認定,2026-08-22T10:45:00Z
朝日新聞,http://www.asahi.com/articles/ASV8P7RF5V8PUTIL006M.html?ref=rss,http://www.asahi.com/articles/ASV8P7RF5V8PUTIL006M.html?ref=rss,秋篠宮ご夫妻、日本人移住90年式典に　「困難を克服、心から敬意」,2026-08-22T10:45:00Z
朝日新聞,http://www.asahi.com/articles/ASV8P33T0V8POXIE054M.html?ref=rss,http://www.asahi.com/articles/ASV8P33T0V8POXIE054M.html?ref=rss,大学定員の23区規制、全国知事会が延長主張「東京一極集中を抑制」,2026-08-22T10:45:00Z
朝日新聞,http://www.asahi.com/articles/ASV8P4VXFV8PPLZB01DM.html?ref=rss,http://www.asahi.com/articles/ASV8P4VXFV8PPLZB01DM.html?ref=rss,劇物入りマフィンで殺人未遂容疑、女を逮捕　「殺すつもりなかった」,2026-08-22T10:45:00Z
朝日新聞,http://www.asahi.com/articles/ASV8P3CT9V8PTIPE01CM.html?ref=rss,http://www.asahi.com/articles/ASV8P3CT9V8PTIPE01CM.html?ref=rss,佐賀・鳥栖IC付近で多重事故　高校のバスに乗っていた11人搬送,2026-08-22T10:45:00Z
朝日新聞,http://www.asahi.com/articles/ASV8P3CQSV8PPPZB003M.html?ref=rss,http://www.asahi.com/articles/ASV8P3CQSV8PPPZB003M.html?ref=rss,介護していた妻を殺害の疑い、自死した夫を死亡のまま書類送検　岡山,2026-08-22T10:45:00Z
朝日新聞,http://www.asahi.com/articles/ASV8P012BV8PUTIL02BM.html?ref=rss,http://www.asahi.com/articles/ASV8P012BV8PUTIL02BM.html?ref=rss,死刑を執行、遺族「急で驚いた」　大阪市のパチンコ店放火5人殺害,2026-08-22T10:45:00Z
朝日新聞,http://www.asahi.com/articles/ASV8P3CMPV8PUTIL025M.html?ref=rss,http://www.asahi.com/articles/ASV8P3CMPV8PUTIL025M.html?ref=rss,酒気帯び勤務の東海汽船、「改善計画」出す方針　関東運輸局が聴聞,2026-08-22T10:45:00Z
朝日新聞,http://www.asahi.com/articles/ASV8P0GDWV8PIIPE00FM.html?ref=rss,http://www.asahi.com/articles/ASV8P0GDWV8PIIPE00FM.html?ref=rss,農場で虐待か　地域労組が「特定技能」外国人6人保護　北海道京極町,2026-08-22T10:45:00Z
朝日新聞,http://www.asahi.com/articles/ASV8Q2JD1V8QUTQP023M.html?ref=rss,http://www.asahi.com/articles/ASV8Q2JD1V8QUTQP023M.html?ref=rss,八回の攻防、平常心を保った智弁和歌山　魔曲に惑わされた健大高崎,2026-08-22T10:45:00Z
朝日新聞,http://www.asahi.com/articles/ASV8Q24HTV8QUQIP03KM.html?ref=rss,http://www.asahi.com/articles/ASV8Q24HTV8QUQIP03KM.html?ref=rss,名古屋城からアジア大会へ　聖火リレーは吉田沙保里さんからスタート,2026-08-22T10:45:00Z
朝日新聞,http://www.asahi.com/articles/ASV8P51RDV8PDIFI019M.html?ref=rss,http://www.asahi.com/articles/ASV8P51RDV8PDIFI019M.html?ref=rss,智弁和歌山「人生で一番いい夏」健大高崎「鳥肌立った」　全選手言葉,2026-08-22T10:45:00Z
朝日新聞,http://www.asahi.com/articles/ASV8P3HS8V8PUTQP011M.html?ref=rss,http://www.asahi.com/articles/ASV8P3HS8V8PUTQP011M.html?ref=rss,山田凜虎や織田翔希ら18人がU18高校日本代表　横浜からは5人,2026-08-22T10:45:00Z
朝日新聞,http://www.asahi.com/articles/ASV8Q0F89V8QUQIP00QM.html?ref=rss,http://www.asahi.com/articles/ASV8Q0F89V8QUQIP00QM.html?ref=rss,智弁和歌山が小技交え競り勝つ　健大高崎は八回に逆転も一歩及ばず,2026-08-22T10:45:00Z
朝日新聞,http://www.asahi.com/articles/ASV8Q3137V8QULFA005M.html?ref=rss,http://www.asahi.com/articles/ASV8Q3137V8QULFA005M.html?ref=rss,TikTok、米司法省と和解　子どもの情報訴訟で635億円支払い,2026-08-22T10:45:00Z
朝日新聞,http://www.asahi.com/articles/ASV8Q0G97V8QTLTB00HM.html?ref=rss,http://www.asahi.com/articles/ASV8Q0G97V8QTLTB00HM.html?ref=rss,一番茶の荒茶生産量、鹿児島は2年続けてトップならず　静岡返り咲き,2026-08-22T10:45:00Z
朝日新聞,http://www.asahi.com/articles/ASV8Q0J84V8QTLTB00GM.html?ref=rss,http://www.asahi.com/articles/ASV8Q0J84V8QTLTB00GM.html?ref=rss,飲料メーカー、茶葉を鹿児島で自社栽培　価格高騰ではない理由とは,2026-08-22T10:45:00Z
朝日新聞,http://www.asahi.com/articles/ASV8Q21CNV8QOIPE00PM.html?ref=rss,http://www.asahi.com/articles/ASV8Q21CNV8QOIPE00PM.html?ref=rss,風雨に負けない聖火リレートーチ　作ったのはあのアウトドアブランド,2026-08-22T10:45:00Z
朝日新聞,http://www.asahi.com/articles/ASV8P2SJ2V8PULFA00LM.html?ref=rss,http://www.asahi.com/articles/ASV8P2SJ2V8PULFA00LM.html?ref=rss,財務省、来年度予算の想定金利3.8%で調整　金利上昇で財政を圧迫,2026-08-22T10:45:00Z
朝日新聞,http://www.asahi.com/articles/ASV8Q1PZDV8QUTFK002M.html?ref=rss,http://www.asahi.com/articles/ASV8Q1PZDV8QUTFK002M.html?ref=rss,国民・玉木氏「参院選で野党第1党目指す」　代表選、橋本氏も立候補,2026-08-22T10:45:00Z
朝日新聞,http://www.asahi.com/articles/ASV8P1JNLV8PUTFK00BM.html?ref=rss,http://www.asahi.com/articles/ASV8P1JNLV8PUTFK00BM.html?ref=rss,参院の英語表記、初の変更　「Councillor」理解されにくく,2026-08-22T10:45:00Z
朝日新聞,http://www.asahi.com/articles/ASV8P1W73V8PTPOB001M.html?ref=rss,http://www.asahi.com/articles/ASV8P1W73V8PTPOB001M.html?ref=rss,ネットメディアも討論会を開催　告示前から注目集める沖縄県知事選,2026-08-22T10:45:00Z
朝日新聞,http://www.asahi.com/articles/ASV8M3C5VV8MUTFK005M.html?ref=rss,http://www.asahi.com/articles/ASV8M3C5VV8MUTFK005M.html?ref=rss,こだわり続けた「アジアの中の日本」　村山元首相が残したメモの数々,2026-08-22T10:45:00Z
朝日新聞,http://www.asahi.com/articles/ASV8P3V1KV8PUTFK00JM.html?ref=rss,http://www.asahi.com/articles/ASV8P3V1KV8PUTFK00JM.html?ref=rss,経済安保やAIの海外依存リスクを議論　安保3文書の有識者会議,2026-08-22T10:45:00Z
朝日新聞,http://www.asahi.com/articles/ASV8Q15TYV8QUHBI00SM.html?ref=rss,http://www.asahi.com/articles/ASV8Q15TYV8QUHBI00SM.html?ref=rss,米国防総省、星条旗新聞の編集長らに解雇通知　テレビで「検閲」批判,2026-08-22T10:45:00Z
朝日新聞,http://www.asahi.com/articles/ASV8L7H8GV8LUHBI006M.html?ref=rss,http://www.asahi.com/articles/ASV8L7H8GV8LUHBI006M.html?ref=rss,元CIAリクルーターに聞いた　「スパイの勧誘に応じる動機は…」,2026-08-22T10:45:00Z
朝日新聞,http://www.asahi.com/articles/ASV8P7451V8PUHBI01NM.html?ref=rss,http://www.asahi.com/articles/ASV8P7451V8PUHBI01NM.html?ref=rss,金総書記とトランプ氏の会談「可能性ある」 米識者が語る今後の展開,2026-08-22T10:45:00Z
朝日新聞,http://www.asahi.com/articles/ASV8Q02M5V8QUHBI00DM.html?ref=rss,http://www.asahi.com/articles/ASV8Q02M5V8QUHBI00DM.html?ref=rss,「平和をください」　ウクライナ侵攻4年半、積み上がる民間人被害,2026-08-22T10:45:00Z
朝日新聞,http://www.asahi.com/articles/ASV8P6RXVV8PUHBI01MM.html?ref=rss,http://www.asahi.com/articles/ASV8P6RXVV8PUHBI01MM.html?ref=rss,次の国連事務総長、ガイアナ国連大使が小差で浮上　展開はなお不透明,2026-08-22T10:45:00Z
朝日新聞,http://www.asahi.com/articles/ASV8P3SJ4V8PTOLB001M.html?ref=rss,http://www.asahi.com/articles/ASV8P3SJ4V8PTOLB001M.html?ref=rss,元寇船から矢の末端を発見「南宋の武器転用か」　長崎・鷹島海底遺跡,2026-08-22T10:45:00Z
朝日新聞,http://www.asahi.com/articles/ASV8P3QG3V8PUCVL02MM.html?ref=rss,http://www.asahi.com/articles/ASV8P3QG3V8PUCVL02MM.html?ref=rss,棋士資格かかる西山白玲と福間挑戦者が前夜祭で抱負　将棋白玲戦,2026-08-22T10:45:00Z
朝日新聞,http://www.asahi.com/articles/ASV8P36MPV8PUCVL00HM.html?ref=rss,http://www.asahi.com/articles/ASV8P36MPV8PUCVL00HM.html?ref=rss,井山裕太碁聖がタイトル防衛、2度目の6連覇　無冠のピンチしのぐ,2026-08-22T10:45:00Z
朝日新聞,http://www.asahi.com/articles/ASV8P12YHV8PUCVL00MM.html?ref=rss,http://www.asahi.com/articles/ASV8P12YHV8PUCVL00MM.html?ref=rss,「北海道じゃらん」休刊へ　「じゃらん」の雑誌・書籍販売、歴史に幕,2026-08-22T10:45:00Z
朝日新聞,http://www.asahi.com/articles/ASV8P2HN3V8PUTIL00PM.html?ref=rss,http://www.asahi.com/articles/ASV8P2HN3V8PUTIL00PM.html?ref=rss,教育特化型のAIアプリ　文科省が開発へ　27年度中に実証研究,2026-08-22T10:45:00Z
朝日新聞,http://www.asahi.com/articles/ASV8N2QHRV8NUTFL00LM.html?ref=rss,http://www.asahi.com/articles/ASV8N2QHRV8NUTFL00LM.html?ref=rss,火星の衛星探査機MMX、10月20日にH3ロケットで打ち上げへ,2026-08-22T10:45:00Z
朝日新聞,http://www.asahi.com/articles/ASV8F0H5ZV8FUTFL01NM.html?ref=rss,http://www.asahi.com/articles/ASV8F0H5ZV8FUTFL01NM.html?ref=rss,仕事や家事で体を動かす女性ほど高ストレス　なぜ起きる？対策は,2026-08-22T10:45:00Z
朝日新聞,http://www.asahi.com/articles/ASV8Q2STYV8QUCVL00BM.html?ref=rss,http://www.asahi.com/articles/ASV8Q2STYV8QUCVL00BM.html?ref=rss,落語家・桂米輔さん死去　米朝さんの弟子,2026-08-22T10:45:00Z
朝日新聞,http://www.asahi.com/articles/ASV8N332ZV8NOXIE02JM.html?ref=rss,http://www.asahi.com/articles/ASV8N332ZV8NOXIE02JM.html?ref=rss,「朝鮮語大辞典」を編纂、晩年まで自宅で教える　塚本勲さんが死去,2026-08-22T10:45:00Z
朝日新聞,http://www.asahi.com/articles/ASV8M2JL5V8MUCVL01YM.html?ref=rss,http://www.asahi.com/articles/ASV8M2JL5V8MUCVL01YM.html?ref=rss,岸恵子さんは「大好きな先輩」　吉永小百合さんや石坂浩二さんが追悼,2026-08-22T10:45:00Z
毎日新聞,https://mainichi.jp/articles/20260822/k00/00m/050/168000c,https://mainichi.jp/articles/20260822/k00/00m/050/168000c,アルゼンチンの選手らに出場停止と罰金処分　W杯決勝後の乱闘で,2026-08-22T10:45:00Z
毎日新聞,https://mainichi.jp/articles/20260822/k00/00m/030/166000c,https://mainichi.jp/articles/20260822/k00/00m/030/166000c,中国と武器開発で協力、米軍と演習　インドネシアの外交方針とは,2026-08-22T10:45:00Z
毎日新聞,https://mainichi.jp/articles/20260822/k00/00m/050/165000c,https://mainichi.jp/articles/20260822/k00/00m/050/165000c,八村塁の「富山でプレーしたい」に会場沸く　地元でバスケ教室,2026-08-22T10:45:00Z
毎日新聞,https://mainichi.jp/articles/20260822/k00/00m/010/159000c,https://mainichi.jp/articles/20260822/k00/00m/010/159000c,国民民主代表選が告示　橋本、玉木両氏の一騎打ち　都内で討論,2026-08-22T10:45:00Z
毎日新聞,https://mainichi.jp/articles/20260822/k00/00m/050/155000c,https://mainichi.jp/articles/20260822/k00/00m/050/155000c,師に並んだ智弁和歌山・山田　「捕手としてまだまだ足りない」,2026-08-22T10:45:00Z
毎日新聞,https://mainichi.jp/articles/20260822/k00/00m/030/150000c,https://mainichi.jp/articles/20260822/k00/00m/030/150000c,ミャンマー国軍が僧院空爆　瞑想修行中の14人死亡、大半は高齢者,2026-08-22T10:45:00Z
毎日新聞,https://mainichi.jp/articles/20260822/k00/00m/050/153000c,https://mainichi.jp/articles/20260822/k00/00m/050/153000c,リンクサイド:住吉りをんを刺激する「ホテル渡辺」の共同生活　東京夏季大会,2026-08-22T10:45:00Z
毎日新聞,https://mainichi.jp/articles/20260822/k00/00m/050/147000c,https://mainichi.jp/articles/20260822/k00/00m/050/147000c,佐久間朱莉と吉田鈴が首位で並ぶ　女子ゴルフ第2日,2026-08-22T10:45:00Z
毎日新聞,https://mainichi.jp/articles/20260822/k00/00m/050/142000c,https://mainichi.jp/articles/20260822/k00/00m/050/142000c,リンクサイド:友野一希「草太へのリスペクトなので」　浪速フェス取材詳報,2026-08-22T10:45:00Z
毎日新聞,https://mainichi.jp/articles/20260822/k00/00m/030/136000c,https://mainichi.jp/articles/20260822/k00/00m/030/136000c,「同額の関税課す」　カナダ、報復措置の姿勢　米政権が追加関税,2026-08-22T10:45:00Z
毎日新聞,https://mainichi.jp/articles/20260822/k00/00m/040/141000c,https://mainichi.jp/articles/20260822/k00/00m/040/141000c,善福寺川、神田川に「レベル4氾濫危険警報」　東京で局地的豪雨,2026-08-22T10:45:00Z
毎日新聞,https://mainichi.jp/articles/20260822/k00/00m/050/138000c,https://mainichi.jp/articles/20260822/k00/00m/050/138000c,響いた「魔曲」に連続バント　智弁和歌山の逆転劇　夏の甲子園,2026-08-22T10:45:00Z
毎日新聞,https://mainichi.jp/articles/20260822/k00/00m/040/135000c,https://mainichi.jp/articles/20260822/k00/00m/040/135000c,東京、埼玉に「レベル4大雨危険警報」発表　危険な場所から避難を,2026-08-22T10:45:00Z
毎日新聞,https://mainichi.jp/articles/20260822/k00/00m/050/133000c,https://mainichi.jp/articles/20260822/k00/00m/050/133000c,山下美夢有、単独トップ守る　米ゴルフCPKC女子オープン第2日,2026-08-22T10:45:00Z
毎日新聞,https://mainichi.jp/articles/20260822/k00/00m/200/131000c,https://mainichi.jp/articles/20260822/k00/00m/200/131000c,劇団四季「リトルマーメイド」　最終通し稽古を報道公開　舞浜で,2026-08-22T10:45:00Z
毎日新聞,https://mainichi.jp/articles/20260822/k00/00m/050/130000c,https://mainichi.jp/articles/20260822/k00/00m/050/130000c,機動破壊は…逆転弾放った健大高崎・石田雄星の願い　夏の甲子園,2026-08-22T10:45:00Z
毎日新聞,https://mainichi.jp/articles/20260822/k00/00m/050/129000c,https://mainichi.jp/articles/20260822/k00/00m/050/129000c,友野一希が仲間とスケート教室開催　浪速フィギュアフェス,2026-08-22T10:45:00Z
毎日新聞,https://mainichi.jp/articles/20260822/k00/00m/050/128000c,https://mainichi.jp/articles/20260822/k00/00m/050/128000c,ドジャース・山本は2失点、勝敗付かず　大谷は1安打　大リーグ,2026-08-22T10:45:00Z
毎日新聞,https://mainichi.jp/articles/20260822/k00/00m/050/124000c,https://mainichi.jp/articles/20260822/k00/00m/050/124000c,健大高崎バッテリー、決勝点の暴投は「サインミス」　夏の甲子園,2026-08-22T10:45:00Z
毎日新聞,https://mainichi.jp/articles/20260822/k00/00m/100/121000c,https://mainichi.jp/articles/20260822/k00/00m/100/121000c,歯1本から取得できる身元情報は6種類　災害犠牲者の特定に期待,2026-08-22T10:45:00Z
