filename,sha256,collected_at_utc
snap-20260819-1448.csv,fadd0b089c843cc3ee4ba346e0e07809b4dd8656457a01cdc201a7430a8bdcf9,2026-08-19T14:48:00Z
snap-20260819-1501.csv,c5c15de829ece8ecd95f3f8bcbdbc909d64c8c6d992c2918674691c13602cc4b,2026-08-19T15:01:00Z
snap-20260819-1658.csv,b461faad31abe5686fdace4ec7872d1faff18bf0070e4c34979da3002be05391,2026-08-19T16:58:00Z
snap-20260819-1746.csv,616389963f7ae2082f76ab2f40ab335bf9b96dbefe375ef549eed173df858237,2026-08-19T17:46:00Z
snap-20260819-1904.csv,6656d7d14b27b2e66bc1ad676d18cffbcbd0a93438e35b6a9e0bdda397271553,2026-08-19T19:04:00Z
snap-20260819-2202.csv,8158aba90d23ca189fce3fc87f3f444911add5cedd237989d92dced711152001,2026-08-19T22:02:00Z
snap-20260819-2246.csv,b82aeb043ed438871b6328cf9fb8121399288ca1006e1876f966f7500520e294,2026-08-19T22:46:00Z
snap-20260819-2342.csv,6cd8588b2881614578ac4b05455f44a10b6360395db4ace5ff1685d77cf45883,2026-08-19T23:42:00Z
snap-20260820-0156.csv,8b8aaa864821e80ce9cdc4cb9a12fa8cb3ec8f283a22363338e49c22759b3bd5,2026-08-20T01:56:00Z
snap-20260820-0314.csv,3abaf326c1de99791396d339df7f605f6fc643868bff5da02000d84352de649b,2026-08-20T03:14:00Z
snap-20260820-0404.csv,ebe9419af47ba157adac55516b8fcddf6bf2cf9485c886a3ff3ce1bcb1b2b422,2026-08-20T04:04:00Z
snap-20260820-0458.csv,8ac03135e8f06694690abc1b3073f287ca3718a15fd88a98b31ce1d6c78960ec,2026-08-20T04:58:00Z
snap-20260820-0551.csv,c106587c4e22596a8bab77c5f1f88501d989901b98bb38233d3865f34291ab77,2026-08-20T05:51:00Z
snap-20260820-0711.csv,7cce359d09b4ba372fd9c821c72c01b48f635bd20b4ad3caa8bfc79d8d2beed0,2026-08-20T07:11:00Z
snap-20260820-0801.csv,3d06321f3dff3ee5409e2a6a5ac5f81b33da4770ad7219291eca6ef364c1656c,2026-08-20T08:01:00Z
snap-20260820-0900.csv,24e6d005b2c37ec1478e58d0bbaa8b9dcdc13848a14f5fbce65c9eca8366f120,2026-08-20T09:00:00Z
snap-20260820-0954.csv,69fb793004df118026e45d403f2e64dc481cd03e4754a56e487f59c991b17f24,2026-08-20T09:54:00Z
snap-20260820-1052.csv,c98ff8494b5ed8f200201e1afb636e9e14266566db281487559c70b2acbfb977,2026-08-20T10:52:00Z
snap-20260820-1147.csv,3db40b017c771540f2f541cbac8c7dfe266c3a34527fede7a0bc840ba304377c,2026-08-20T11:47:00Z
